,names,links
0, Шелохова Елена Борисовна,/workers/55842989/
1,Stadnichuk V.I.,/workers/994588/
2,Абрамчук Сергей Савельевич,/workers/5087787/
3,Абрашитова Ксения Александровна,/workers/22297210/
4,Абросимова Нина Михайловна,/workers/383914094/
5,Авакянц Лев Павлович,/workers/994854/
6,Авдеев Михаил Васильевич,/workers/2132809/
7,Авдеев Михаил Михайлович,/workers/38516934/
8,Авдюхина Валентина Михайловна,/workers/517765/
9,Авксентьев Юрий Ильич,/workers/724709/
10,Агафонов Александр Александрович,/workers/11495498/
11,Адельянов Артем Маратович,/workers/1718917/
12,Акимов Михаил Львович,/workers/7627380/
13,Акимова Ольга Владимировна,/workers/518086/
14,Аксенов Владимир Николаевич,/workers/2580317/
15,Алексеев Андрей Михайлович,/workers/9328113/
16,Алексеев Станислав Олегович,/workers/382534/
17,Алехина Юлия Александровна,/workers/27468716/
18,Алешин Юрий Константинович,/workers/475718/
19,Алешкевич Виктор Александрович,/workers/580570/
20,Аминева Татьяна Павловна,/workers/615572/
21,Ананьева Мария Сергеевна,/workers/2368090/
22,Ананьева Нина Геннадьевна,/workers/2371344/
23,Анахов Михаил Владимирович,/workers/83644949/
24,Ангелуц Андрей Александрович,/workers/466898/
25,Андреев Анатолий Васильевич,/workers/431163/
26,Андреев Валерий Георгиевич,/workers/513089/
27,Андреев Павел Александрович,/workers/2278262/
28,Андреева Елена Станиславовна,/workers/494942/
29,Андреева Марина Алексеевна,/workers/718000/
30,Андреева Мария Сергеевна,/workers/2319832/
31,Андреева Светлана Валентиновна,/workers/1236494/
32,Андреенко Александр Степанович,/workers/8103037/
33,Андрианов Андрей Владимирович,/workers/444235/
34,Анохина Анна Михайловна,/workers/394331/
35,Антипин Константин Владиславович,/workers/2826076/
36,Антипов Сержан Данилович,/workers/8015326/
37,Антонюк Валерий Алексеевич,/workers/8733700/
38,Антропов Илья Михайлович,/workers/48808745/
39,Аракчеев Владимир Генрихович,/workers/2461577/
40,Аржаник Владимир Константинович,/workers/2838189/
41,Арсеньян Татьяна Ишхановна,/workers/1172161/
42,Артамкин Алексей Игоревич,/workers/8440464/
43,Асланян Артём Эдуардович,/workers/27546618/
44,Атауллаханов Фазоил Иноятович,/workers/11927170/
45,Афанасьев Валерий Николаевич,/workers/535583/
46,Афиногенов Борис Игоревич,/workers/7318707/
47,Афонин Максим Николаевич,/workers/38256391/
48,Ахметова Ассель Иосифовна,/workers/17356968/
49,Ахуткина Александра Ивановна,/workers/73698561/
50,Бабанин Евгений Александрович,/workers/10261363/
51,Багатинская Варвара Васильевна,/workers/312149664/
52,Багатинский Владислав Андреевич,/workers/52373769/
53,Бадьин Андрей Валентинович,/workers/1281199/
54,Бажанов Дмитрий Игоревич,/workers/508255/
55,Базыленко Валерий Андреевич,/workers/7881378/
56,Базыленко Татьяна Юрьевна,/workers/546691/
57,Балагуров Анатолий Михайлович,/workers/1422253/
58,Балакин Алексей Вячеславович,/workers/824343/
59,Балакин Дмитрий Александрович,/workers/8732815/
60,Балакший Владимир Иванович,/workers/437849/
61,Балахнина Ирина Александровна,/workers/844591/
62,Балашов Игорь Сергеевич,/workers/11229247/
63,Балашова Светлана Ивановна,/workers/199072774/
64,Балуян Тигран Григорьевич,/workers/20441536/
65,Балыбин Степан Николаевич,/workers/9468337/
66,Барабанова Гульназ Нуровна,/workers/11684950/
67,Баранов Анатолий Николаевич,/workers/2614779/
68,Баранова Надежда Богдановна,/workers/5167447/
69,Барбашов Вадим Александрович,/workers/10140296/
70,Барзов Александр Александрович,/workers/37578261/
71,Барсукова Мария Геннадьевна,/workers/11237932/
72,Батова Светлана Сергеевна,/workers/17993289/
73,Баулин Роман Алексеевич,/workers/7499541/
74,Бекин Алексей Николаевич,/workers/6888025/
75,Беленькая Елена Семеновна,/workers/393122/
76,Белинский Александр Витальевич,/workers/1581892/
77,Белов Александр Александрович,/workers/437850/
78,Белов Александр Александрович,/workers/8742796/
79,Белов Александр Андреевич,/workers/8833056/
80,Белов Дмитрий Владимирович,/workers/8409088/
81,Белов Сергей Юрьевич,/workers/8731584/
82,Белова Екатерина Владимировна,/workers/10699803/
83,Белова Оксана Михайловна,/workers/7892351/
84,Белогорохова Любовь Ивановна,/workers/12697944/
85,Белокуров Владимир Викторович,/workers/2219667/
86,Белотелов Владимир Игоревич,/workers/406006/
87,Белошапко Вера Александровна,/workers/39022023/
88,Белышев Сергей Сергеевич,/workers/1113478/
89,Беляев Алексей Вячеславович,/workers/43924429/
90,Белякин Сергей Тихонович,/workers/6023469/
91,Бербенева Наталия Алексеевна,/workers/1336008/
92,Берловская Елена Евгеньевна,/workers/2723932/
93,Бессонов Владимир Олегович,/workers/7364659/
94,Биленко Игорь Антонович,/workers/492822/
95,Благонравов Лев Александрович,/workers/1171729/
96,Бланк Аркадий Викторович,/workers/27175942/
97,Близнюк Ульяна Александровна,/workers/465189/
98,Блохина Наталия Сергеевна,/workers/1658562/
99,Бобов Кирилл Николаевич,/workers/12016580/
100,Бобров Иван Борисович,/workers/41745879/
101,Богацкая Анна Викторовна,/workers/1353196/
102,Богданов Анатолий Евгеньевич,/workers/1868275/
103,Богданов Евгений Владимирович,/workers/708330/
104,Богданова Мария Андреевна,/workers/7739903/
105,Боголюбов Александр Николаевич,/workers/527283/
106,Боголюбов Николай Александрович,/workers/8819806/
107,Боголюбов Николай Николаевич,/workers/26107775/
108,Богомолов Виталий Владимирович,/workers/1520867/
109,Богуш Игорь Андреевич,/workers/161450128/
110,Божьев Иван Вячеславович,/workers/7330152/
111,Боков Павел Юрьевич,/workers/416925/
112,Большакова Анна Владимировна,/workers/542549/
113,Боос Эдуард Эрнстович,/workers/415561/
114,Борисов Анатолий Викторович,/workers/995215/
115,Борисова Марина Борисовна,/workers/426807971/
116,Боровкова Ольга Владимировна,/workers/241426658/
117,Бородачев Леонид Васильевич,/workers/1662954/
118,Бородина Амалия Владиславовна,/workers/60525982/
119,Борщевская Надежда Алексеевна,/workers/36785988/
120,Борщеговская Полина Юрьевна,/workers/465193/
121,Брагина Анна Анатольевна,/workers/104723376/
122,Брандт Николай Николаевич,/workers/850369/
123,Бровкина Елена Анатольевна,/workers/3131256/
124,Будников Андрей Александрович,/workers/1084729/
125,Бузина Елена Евгеньевна,/workers/391512584/
126,Буйда Андрей Павлович,/workers/5383623/
127,Букжалёв Евгений Евгеньевич,/workers/5838687/
128,Буравцова Виктория Евгеньевна,/workers/843153/
129,Буриков Сергей Алексеевич,/workers/420913/
130,Буткарев Иван Андреевич,/workers/14796395/
131,Бутузова Мария Валентиновна,/workers/6411798/
132,Бутылин Андрей Александрович,/workers/3163025/
133,Буханов Владимир Михайлович,/workers/2653451/
134,Бушина Татьяна Андреевна,/workers/2528133/
135,Бушуев Владимир Алексеевич,/workers/850880/
136,Быков Александр Васильевич,/workers/834660/
137,Быков Алексей Александрович,/workers/1574042/
138,Бычков Владимир Львович,/workers/6851804/
139,Бычков Максим Евгеньевич,/workers/25409933/
140,Ваваев Евгений Сергеевич,/workers/147040908/
141,Вавилин Константин Викторович,/workers/103872173/
142,Варзарь Сергей Михайлович,/workers/6874587/
143,Васильев Александр Борисович,/workers/7492785/
144,Васильев Александр Николаевич,/workers/405183/
145,Васильева Ольга Николаевна,/workers/443800/
146,Васильчикова Татьяна Михайловна,/workers/4723507/
147,Ваулин Дмитрий Николаевич,/workers/8502995/
148,Ведяев Анатолий Владимирович,/workers/463795/
149,Велихов Евгений Павлович,/workers/28788569/
150,Вервальд Алексей Михайлович,/workers/7136944/
151,Версан Татьяна Александровна,/workers/6915774/
152,Вершубский Алексей Валентинович,/workers/1995543/
153,Винниченко Николай Аркадьевич,/workers/219257/
154,Виноградов Николай Сергеевич,/workers/38889123/
155,Виноградова Ольга Игоревна,/workers/405772/
156,Вишняков Алексей Михайлович,/workers/512203003/
157,Владимиров Юрий Сергеевич,/workers/995213/
158,Владимирова Юлия Викторовна,/workers/387306/
159,Власенко Вячеслав Сергеевич,/workers/356809175/
160,Власенко Елена Альбертовна,/workers/263116251/
161,Власов Александр Анатольевич,/workers/473813/
162,Власова Ирина Михайловна,/workers/473641/
163,Возняк (Левушкина) Виктория Сергеевна,/workers/1428642/
164,Волков Александр Александрович,/workers/14270215/
165,Волков Борис Иванович,/workers/2140480/
166,Волков Владимир Тарасович,/workers/851789/
167,Волков Денис Витальевич,/workers/4651137/
168,Волков Олег Юрьевич,/workers/1170461/
169,Волков Роман Валентинович,/workers/394705/
170,Волкова Марина Николаевна,/workers/38756110/
171,Волкова Наиля Хасьяновна,/workers/12104068/
172,Волкова Ольга Сергеевна,/workers/405628/
173,Володин Борис Алексеевич,/workers/8754247/
174,Володин Евгений Михайлович,/workers/8728267/
175,Воробьев Геннадий Петрович,/workers/518503/
176,Воробьева Елена Владимировна,/workers/53308682/
177,Воронин Александр Александрович,/workers/2489174/
178,Воронина Екатерина Николаевна,/workers/277965/
179,Воронина Елена Викториновна,/workers/514999/
180,Воронина Юлия Сергеевна,/workers/2691955/
181,Воронкова Валентина Ивановна,/workers/1141784/
182,Воронцов Александр Сергеевич,/workers/850543/
183,Вохник Ольга Михайловна,/workers/1312884/
184,Вшивцева Полина Александровна,/workers/2452550/
185,Вятчанин Сергей  Петрович,/workers/464613/
186,Гаврилова Лариса Евгеньевна,/workers/383914114/
187,Гаврилова Надежда Дмитриевна,/workers/463003/
188,Газарян Варвара Арамовна,/workers/2377674/
189,Гайдукова Ирина Юрьевна,/workers/520459/
190,Гайнуллин Иван Камилевич,/workers/422160/
191,Галеева Александра Викторовна,/workers/8096046/
192,Галкин Владимир Игоревич,/workers/394024/
193,Галкин Владимир Олегович,/workers/56001688/
194,Галлямов Марат Олегович,/workers/456823/
195,Галлямова Ольга Валерьевна,/workers/7051808/
196,Гальцов Дмитрий Владимирович,/workers/1118143/
197,Галяев Андрей Алексеевич,/workers/41177255/
198,Ганьшина Елена Александровна,/workers/435142/
199,Гапочка Алексей Михайлович,/workers/520461/
200,Гапочка Михаил Германович,/workers/838876/
201,Гариян Алеся Анатольевна,/workers/53159779/
202,Гартман Александра Дмитриевна,/workers/45678233/
203,Генералов Евгений Александрович,/workers/92360508/
204,Гибизова Виктория Валерьевна,/workers/484353/
205,Гиппиус Андрей Андреевич,/workers/537534/
206,Гладилин Леонид Константинович,/workers/547139/
207,Глушкова Елена Вячеславовна,/workers/399141/
208,Глушкова Татьяна Михайловна,/workers/2280864/
209,Говорун Елена Николаевна,/workers/2138414/
210,Голиков Дмитрий Сергеевич,/workers/11594999/
211,Головань Леонид Анатольевич,/workers/384654/
212,Головнин Илья Владимирович,/workers/7994165/
213,Голубенко Анна Александровна,/workers/55467738/
214,Голубцов Петр Викторович,/workers/421114/
215,Гончар Кирилл Александрович,/workers/1766057/
216,Гончаров Алексей Сергеевич,/workers/1862592/
217,Гончаров Сергей Антонович,/workers/394887/
218,Гордеева Юлия Анатольевна,/workers/473812/
219,Гордиенко Вячеслав Михайлович,/workers/387250/
220,Горшков Сергей Николаевич,/workers/1052940/
221,Горюнов Геннадий Евгеньевич,/workers/384815/
222,Гостев Александр Владимирович,/workers/501700516/
223,Гостев Павел Павлович,/workers/10694229/
224,Грабовский Сергей Викторович,/workers/448715/
225,Грановский Александр Борисович,/workers/426557/
226,Грац Юрий Владимирович,/workers/995667/
227,Грачев Александр Васильевич,/workers/421380/
228,Грачев Евгений Александрович,/workers/2219650/
229,Грачев Роман Александрович,/workers/87616833/
230,Грибов Виталий Аркадьевич,/workers/12322244/
231,Григорьев Кирилл Сергеевич,/workers/10884796/
232,Гришина Наталья Владимировна,/workers/400269/
233,Грузденко Александра Андреевна,/workers/216399727/
234,Грунин Андрей Анатольевич,/workers/5155895/
235,Грязнов Андрей Юрьевич,/workers/5221256/
236,Губайдулина Татьяна Валиевна,/workers/417861/
237,Губина Надежда Валерьевна,/workers/7970312/
238,Гудимчук Никита Борисович,/workers/10898673/
239,Гулькин Дмитрий Николаевич,/workers/25595611/
240,Гумеров Рустам Анрикович,/workers/12198336/
241,Гурьева Марина Владимировна,/workers/55170847/
242,Гусев Владимир Андреевич,/workers/2178069/
243,Гюппенен Олег Дмитриевич,/workers/388830019/
244,Давыдова Марина Александровна,/workers/491185/
245,Данилович Игорь Леонидович,/workers/35868937/
246,Двинин Сергей Александрович,/workers/619573/
247,Демидов Сергей Владимирович,/workers/2352314/
248,Демин Дмитрий Сергеевич,/workers/12227834/
249,Денисов Виктор Иванович,/workers/1354300/
250,Денисов Сергей Петрович,/workers/27990299/
251,Дергачев Александр Александрович,/workers/7607040/
252,Дергачёв Максим Алексеевич,/workers/3712210/
253,Джаноев Арсен Робертович,/workers/144140888/
254,Джиджоев  Мурат Суликоевич,/workers/5145924/
255,Дианский Николай Ардальянович,/workers/15230073/
256,Дмитриев Алексей Владимирович,/workers/1912106/
257,Дмитриев Константин Вячеславович,/workers/511711/
258,Днепровский Владимир Самсонович,/workers/466899/
259,Докукин Сергей Александрович,/workers/25410274/
260,Долгова Татьяна Викторовна,/workers/578371/
261,Доленко Татьяна Альдефонсовна,/workers/420914/
262,Долженко Дмитрий Евгеньевич,/workers/8404735/
263,Домбровская Жанна Олеговна,/workers/6646625/
264,Дорофеев Александр Андреевич,/workers/38262536/
265,Дорощенко Игорь Александрович,/workers/10647317/
266,Дроздов Константин Андреевич,/workers/8101245/
267,Дроздова Елена Владимировна,/workers/8429391/
268,Дронов Михаил Александрович,/workers/7891217/
269,Дубиковский Андрей Игоревич,/workers/7974271/
270,Дубинин Михаил Николаевич,/workers/484030/
271,Дубровин Евгений Владимирович,/workers/410670/
272,Дьяконов Евгений Алексеевич,/workers/21173740/
273,Дьяконов Иван Викторович,/workers/15004809/
274,Егоренков Михаил Викторович,/workers/157968441/
275,Ежов Александр Анатольевич,/workers/381202/
276,Еленина Татьяна Георгиевна,/workers/8729168/
277,Еленский Владимир Григорьевич,/workers/5680622/
278,Елизаров Сергей Георгиевич,/workers/26760628/
279,Елисеев Алексей Викторович,/workers/47501834/
280,Емельяненко Александр Вячеславович,/workers/1117369/
281,Емельянов Николай Владимирович,/workers/1817168/
282,Еременко Дмитрий Олегович,/workers/1316896/
283,Ермолаева Елена Олеговна,/workers/548933/
284,Ермолинский Петр Борисович,/workers/79849412/
285,Ерохин Александр Игоревич,/workers/1273545/
286,Есаулков Михаил Николаевич,/workers/32602737/
287,Ефимова Александра Ивановна,/workers/1350001/
288,Жаринов Алексей Николаевич,/workers/8028207/
289,Жаров Владимир Евгеньевич,/workers/1355616/
290,Жвания Ирина Александровна,/workers/3179853/
291,Жданова Надежда Григорьевна,/workers/1074743/
292,Желтиков Алексей Михайлович,/workers/548549/
293,Желтоножская Марина Викторовна,/workers/60426820/
294,Жолудев Степан Иванович,/workers/140859730/
295,Жохова Нэлла Ибрагимовна,/workers/1264521/
296,Жуйко Сергей Валентинович,/workers/1053392/
297,Жуковский Владимир Чеславович,/workers/497881/
298,Жуковский Константин Владимирович,/workers/1564434/
299,Жулябина Ольга Александровна,/workers/8768835/
300,Журавлев Антон Викторович,/workers/1568787/
301,Журенко Сергей Викторович,/workers/51745676/
302,Заблоцкий Сергей Владимирович,/workers/60002836/
303,Заботнов Станислав Васильевич,/workers/384657/
304,Задириев Илья Игоревич,/workers/106084545/
305,Задков Виктор Николаевич,/workers/240844/
306,Задорожный Сергей Сергеевич,/workers/493946/
307,Зайцев Владимир Борисович,/workers/1346222/
308,Зайцев Сергей Владимирович,/workers/5392844/
309,Занавескина Ирина Сергеевна,/workers/2640655/
310,Запуниди Сергей Александрович,/workers/4454107/
311,Засов Анатолий Владимирович,/workers/449296/
312,Захаров Виктор Иванович,/workers/458301/
313,Захаров Константин Владимирович,/workers/532936/
314,Захаров Петр Николаевич,/workers/245355065/
315,Захарова Ирина Гургеновна,/workers/7109617/
316,Зверев Владимир Игоревич,/workers/2551336/
317,Зефирова Виктория Львовна,/workers/1550687/
318,Знаменская Ирина Александровна,/workers/536337/
319,Золотов Сергей Александрович,/workers/376130699/
320,Зотеев Андрей Владимирович,/workers/9637337/
321,Зотов Алексей Михайлович,/workers/1465905/
322,Зотов Дмитрий Игоревич,/workers/558298/
323,Зубов Виктор Евгеньевич,/workers/592322/
324,Зубюк Андрей Владимирович,/workers/1665045/
325,Зубюк Варвара Владимировна,/workers/8515268/
326,Зуев Никита Викторович,/workers/389984465/
327,Зыкова Екатерина Юрьевна,/workers/422582/
328,Иваненко Илья Петрович,/workers/561926/
329,Иваницкая Наталия Владиленовна,/workers/8791323/
330,Иванов Алексей Петрович,/workers/8111403/
331,Иванов Виктор Александрович,/workers/602420/
332,Иванов Владимир Юрьевич,/workers/1581895/
333,Иванов Игорь Эдуардович,/workers/537504/
334,Иванов Константин Анатольевич,/workers/579944/
335,Иванов Павел Сергеевич,/workers/12333382/
336,Иванов Сергей Викторович,/workers/11464852/
337,Иванов Сергей Николаевич,/workers/7529421/
338,Иванова Ирина Михайловна,/workers/53161084/
339,Иванова Ирина Николаевна,/workers/563297/
340,Иванова Ольга Сергеевна,/workers/7626247/
341,Иванова (Полякова) Инна Борисовна,/workers/421432/
342,Игнатьева Дарья Олеговна,/workers/571281/
343,Иешкин Алексей Евгеньевич,/workers/2528058/
344,Иконников Антон Владимирович,/workers/60434276/
345,Ильин Александр Сергеевич,/workers/5644065/
346,Ильина Вера Алексеевна,/workers/12224722/
347,Илюшин Ярослав Александрович,/workers/449230/
348,Ирошников Никита Георгиевич,/workers/1539646/
349,Исаев Алексей Петрович,/workers/472332/
350,Исаев Данил Алексеевич,/workers/470910669/
351,Исаева Анна Вячеславовна,/workers/2937547/
352,Исмагилов Ринат Рамилович,/workers/441782/
353,Исмаилов Ниджат Гадраддин оглы,/workers/517201440/
354,Казаков Алексей Сергеевич,/workers/83873450/
355,Казаков Кирилл Александрович,/workers/451038/
356,Казарян Гоар Мартиросовна,/workers/3656311/
357,Казей Зоя  Александровна,/workers/8263483/
358,Казначеев Анатолий Викторович,/workers/30356163/
359,Калегаев Владимир Владимирович,/workers/412082/
360,Калинкин Александр Александрович,/workers/6054033/
361,Калинович Алексей Андреевич,/workers/1493143/
362,Калиновская Лидия Владимировна,/workers/12153195/
363,Калиш Андрей Николаевич,/workers/520921/
364,Калмыков Николай Николаевич,/workers/539823/
365,Каменских Ирина Александровна,/workers/1105388/
366,Камилов Камил Ибрагимханович,/workers/8402476/
367,Каминская Татьяна Петровна,/workers/546582/
368,Кандидов Валерий Петрович,/workers/388207/
369,Канунов Евгений Рэмович,/workers/1172406/
370,Капитонов Игорь Михайлович,/workers/395517/
371,Карабутов Александр Алексеевич,/workers/393558/
372,Караваев Владимир Александрович,/workers/1662524/
373,Караваева Евгения Владимировна,/workers/31006893/
374,Карговский Алексей Владимирович,/workers/537400/
375,Карзова Мария Михайловна,/workers/512811/
376,Карпенков Дмитрий Юрьевич,/workers/80026798/
377,Карташов Игорь Николаевич,/workers/6912749/
378,Карчевский Олег Олегович,/workers/338235071/
379,Катамадзе Константин Григорьевич,/workers/7954074/
380,Качарава Лейла Александровна,/workers/536963788/
381,Кашкаров Павел Константинович,/workers/384659/
382,Квятковский Александр Львович,/workers/39935337/
383,Кечкин Олег Вячеславович,/workers/1452815/
384,Ким Виталий Павлович,/workers/10393146/
385,Киреев Дмитрий Сергеевич,/workers/25877647/
386,Киров Сергей Александрович,/workers/8499962/
387,Кирьянов Максим Андреевич,/workers/86017542/
388,Киселев Михаил Алексеевич,/workers/1430931/
389,Киселева Ольга Игоревна,/workers/410170/
390,Киселева Татьяна Юрьевна,/workers/420554/
391,Киселева  Лидия Александровна,/workers/53602329/
392,Китаева Галия Хасановна,/workers/431552/
393,Клавсюк Андрей Леонидович,/workers/421772/
394,Кленов Николай Викторович,/workers/499407/
395,Клещ Виктор Иванович,/workers/575663/
396,Климочкина Анна Александровна,/workers/468901/
397,Князев Григорий Алексеевич,/workers/535293/
398,Князева Ольга Сергеевна,/workers/8722084/
399,Кобялко Кирилл Владимирович,/workers/89598838/
400,Ковалев Борис Борисович,/workers/1413053/
401,Ковалева Ирина Юрьевна,/workers/383914122/
402,Ковалевский Владимир Леонидович,/workers/39471685/
403,Коваленко Ирина Юрьевна,/workers/3402908/
404,Коваль Геннадий Васильевич,/workers/9346718/
405,Ковальчук М.С.,/workers/12144012/
406,Ковальчук Михаил Валентинович,/workers/1163146/
407,Ковлаков Егор Витальевич,/workers/19816969/
408,Кожарин Максим Анатольевич,/workers/8531521/
409,Кожевников Валентин Николаевич,/workers/8645065/
410,Кожунова Елена Юрьевна,/workers/494720/
411,Козарь Анатолий Викторович,/workers/542138/
412,Козлов Владимир Иванович,/workers/8513574/
413,Козлов Сергей Николаевич,/workers/10292472/
414,Козлова Елена Карловна,/workers/465190/
415,Козлова Мария Владимировна,/workers/466901/
416,Козловская Ксения Александровна,/workers/8498734/
417,Козлякова Екатерина Сергеевна,/workers/8566009/
418,Кокарева Наталия Григорьевна,/workers/56758645/
419,Кокшайский Алексей Иванович,/workers/8079984/
420,Кокшайский Иван Николаевич,/workers/8279195/
421,Кокшаров Юрий Алексеевич,/workers/426309/
422,Колесников Сергей Владимирович,/workers/422121/
423,Колесов Сергей Владимирович,/workers/541693/
424,Колесова Наталья Сергеевна,/workers/2755730/
425,Колмычек Ирина Алексеевна,/workers/3344779/
426,Колобанов Виталий Николаевич,/workers/497006/
427,Колотинский Николай Васильевич,/workers/3331901/
428,Колубелова  Вера  Андреевна,/workers/85827826/
429,Колыбасова Валентина Викторовна,/workers/453313/
430,Комарова Галина Александровна,/workers/455250/
431,Комарова Марина Александровна,/workers/8445070/
432,Комиссарова Мария Валентиновна,/workers/8474213/
433,Комлев Алексей Степанович,/workers/163850363/
434,Комлева Диана Игоревна,/workers/145608343/
435,Кондратенко Михаил Сергеевич,/workers/3843906/
436,Кондратьев Борис Петрович,/workers/5097112/
437,Коновко Андрей Андреевич,/workers/448996/
438,Конопальцева Надежда Юрьевна,/workers/162884550/
439,Константинова Елизавета Александровна,/workers/415137/
440,Коняев Денис Алексеевич,/workers/6519316/
441,Копцик Сергей Владимирович,/workers/389894/
442,Копылов Денис Александрович,/workers/26341324/
443,Корнев Виктор Константинович,/workers/399934/
444,Корнев Константин Николаевич,/workers/241421823/
445,Корнеев Кирилл Николаевич,/workers/240875355/
446,Корниенко Владимир Владимирович,/workers/2475036/
447,Корнилов Алексей Анатольевич,/workers/11954537/
448,Корнилова Альбина Александровна,/workers/12230147/
449,Коробов Александр Иванович,/workers/994518/
450,Королев Анатолий Федорович,/workers/6912811/
451,Королева Александра Валерьевна,/workers/46771829/
452,Короленко Павел Васильевич,/workers/1455353/
453,Корольков Андрей Игоревич,/workers/11989794/
454,Корпусов Максим Олегович,/workers/529648/
455,Косарева Ольга Григорьевна,/workers/394701/
456,Костромин Сергей Александрович,/workers/58380702/
457,Косых Татьяна Борисовна,/workers/435558/
458,Котельникова Ольга Анатольевна,/workers/414564/
459,Кошелев Олег Григорьевич,/workers/580472/
460,Кравцов Андрей Владимирович,/workers/8285706/
461,Кравцов Константин Сергеевич,/workers/170398908/
462,Кравченко Виталий Сергеевич,/workers/141534914/
463,Кравчун Павел Николаевич,/workers/1922959/
464,Кралькина Елена Александровна,/workers/720999/
465,Крамаренко Елена Юльевна,/workers/460339/
466,Красников Виктор Викторович,/workers/471994820/
467,Красоткин Сергей Анатольевич,/workers/1500677/
468,Крит Тимофей Борисович,/workers/511147/
469,Крит Тимофей Борисович,/workers/518970952/
470,Кройчук Мария Кирилловна,/workers/17858968/
471,Кротов Сергей Сергеевич,/workers/6527926/
472,Крупенин Владимир Александрович,/workers/561438/
473,Крупенина Ольга Юрьевна,/workers/4686570/
474,Крутяк Наталия Романовна,/workers/497003/
475,Крылов Вадим Вячеславович,/workers/39015548/
476,Крылов Иван Владимирович,/workers/8446888/
477,Кубарко Екатерина Павловна,/workers/25550772/
478,Кувшинов Дмитрий Александрович,/workers/395692/
479,Кудаков Андрей Дмитриевич,/workers/4921268/
480,Кудрявцев Ярослав Викторович,/workers/55163284/
481,Кузаков Константин Алексеевич,/workers/423085/
482,Кузелев Михаил Викторович,/workers/7924599/
483,Кузичева Марина  Владимировна,/workers/40802015/
484,Кузнецов Александр Александрович,/workers/1325583/
485,Кузнецов Кирилл Андреевич,/workers/710497/
486,Кузнецов Юрий  Иванович,/workers/437851/
487,Кузьмичев Леонид Александрович,/workers/509524/
488,Кузьмичев Светослав Александрович,/workers/413785/
489,Кулешова Анна Александровна,/workers/510175/
490,Кули-заде Тахир Аллахяр оглы,/workers/1269215/
491,Кулик Сергей Павлович,/workers/384209/
492,Куликова (Олейник) Ольга Сергеевна,/workers/41925479/
493,Кулицкий Александр Валерьевич,/workers/10304602/
494,Кульбачинский Владимир Анатольевич,/workers/517843/
495,Купрейчик Максим Игоревич,/workers/23240595/
496,Курбатов Андрей Олегович,/workers/33116185/
497,Курбатов Григорий Александрович,/workers/450097/
498,Курбатова Надежда Николаевна,/workers/38257714/
499,Курбатова Юлия Николаевна,/workers/1965641/
500,Курганский Михаил Васильевич,/workers/4776651/
501,Курилова Мария Владимировна,/workers/7373175/
502,Кушнер Алексей Гурьевич,/workers/528039/
503,Кытин Владимир Геннадьевич,/workers/540001/
504,Лазарев Александр Алексеевич,/workers/591293/
505,Ланин Александр Александрович,/workers/844243/
506,Ланской Дмитрий Евгеньевич,/workers/407617/
507,Лапина Анастасия Васильевна,/workers/9144637/
508,Лапшин Владимир Борисович,/workers/419050375/
509,Ларина Александра Александровна,/workers/45254372/
510,Ларичев Андрей Викторович,/workers/1436661/
511,Лебедев Александр Иванович,/workers/863914/
512,Левашова Наталия Тимуровна,/workers/596022/
513,Левшин Николай Леонидович,/workers/834805/
514,Левыкина Ирина Павловна,/workers/1319191/
515,Лелека Наталия Сергеевна,/workers/202496940/
516,Леонтьев Владимир Викторович,/workers/1387165/
517,Липунов Владимир Михайлович,/workers/381295/
518,Лобанов Андрей Евгеньевич,/workers/563821/
519,Лобышев Валентин Иванович,/workers/2036509/
520,Логунов Александр Александрович,/workers/9023650/
521,Лосева Анна Владимировна,/workers/549780/
522,Лотонов Александр Михайлович,/workers/1147754/
523,Лохтин Игорь Петрович,/workers/396713/
524,Луговцов Андрей Егорович,/workers/48292370/
525,Лузина Лариса Владимировна,/workers/259658827/
526,Лукашева Екатерина Викентьевна,/workers/2468040/
527,Лукиных Сергей Николаевич,/workers/7347988/
528,Лукьяненко Дмитрий Витальевич,/workers/524446/
529,Лукьянова Елена Николаевна,/workers/418157/
530,Лукьянченко Георгий Александрович,/workers/142592102/
531,Лукьянчук Борис Семенович,/workers/96444568/
532,Лунин Роман Анатольевич,/workers/473543/
533,Лыкова Екатерина  Николаевна,/workers/60521349/
534,Любин Евгений Валерьевич,/workers/238538/
535,Магницкий Сергей Александрович,/workers/1267249/
536,Мазаева Инга Владимировна,/workers/312149143/
537,Майдыковский Антон Игоревич,/workers/418022/
538,Макаров Владимир Анатольевич,/workers/380715/
539,Макарова Людмила Александровна,/workers/8271896/
540,Макарьин Родион Алексеевич,/workers/261724258/
541,Маков Юрий Николаевич,/workers/2386005/
542,Максимова (Реукова) Ольга Владимировна,/workers/90013600/
543,Максимочкин Валерий Иванович,/workers/2525004/
544,Макуренков Александр Михайлович,/workers/2724479/
545,Малков Олег Юрьевич,/workers/9571584/
546,Малыхин Сергей Александрович,/workers/17196147/
547,Малышкин Александр Константинович,/workers/1613007/
548,Малышкина Инна Александровна,/workers/463002/
549,Мальцева Дарья Валерьевна,/workers/122378013/
550,Мамаева Юлия Борисовна,/workers/366628797/
551,Мамонов Евгений Александрович,/workers/6019701/
552,Мандель Александр Соломонович,/workers/12703216/
553,Манцевич Владимир Николаевич,/workers/467850/
554,Манцевич Сергей Николаевич,/workers/576744/
555,Манцызов Борис Иванович,/workers/1163043/
556,Манькова Анна Александровна,/workers/850753/
557,Маресов Александр Геннадьевич,/workers/724317/
558,Маркина Мария Михайловна,/workers/532900/
559,Марков Игорь Александрович,/workers/8508468/
560,Маркова Светлана Николаевна,/workers/7563281/
561,Мартемьянова Юлия Алексеевна,/workers/1497362/
562,Мартышов Михаил Николаевич,/workers/587285/
563,Марченко Сергей Владимирович,/workers/8741247/
564,Марченков Алексей Юрьевич,/workers/2368846/
565,Марчук Ольга Николаевна,/workers/51588693/
566,Масленникова Анна Дмитриевна,/workers/8479527/
567,Маслов Виктор Павлович,/workers/92373719/
568,Маслова Наталья Сергеевна,/workers/1067244/
569,Матвеев Виктор Анатольевич,/workers/26109327/
570,Матюнин Андрей Валерьевич,/workers/2247364/
571,Махаева Елена Евгеньевна,/workers/520104/
572,Мацнев Михаил Евгеньевич,/workers/396553844/
573,Мелик-Гайказян Елизавета Владимировна,/workers/7107914/
574,Мельников Александр Евгеньевич,/workers/147037395/
575,Мельникова Ольга Николаевна,/workers/563780/
576,Меньшенина Лариса Леонидовна,/workers/2181291/
577,Меркин Михаил Моисеевич,/workers/557725/
578,Мещеряков Николай Павлович,/workers/98695961/
579,Милов Владимир Николаевич,/workers/8405638/
580,Милов Евгений Владимирович,/workers/8415521/
581,Мильков Максим Германович,/workers/499216/
582,Минаев Дмитрий Валерьевич,/workers/8733447/
583,Миннебаев Дамир Кашифович,/workers/43458934/
584,Миннебаев Кашиф Файзелхакович,/workers/8492507/
585,Миронова Любовь Сергеевна,/workers/4975780/
586,Митин Игорь Владимирович,/workers/834637/
587,Митина Ирина Владимировна,/workers/95193011/
588,Митришкин Юрий Владимирович,/workers/1676363/
589,Митрофанов Валерий Павлович,/workers/412634/
590,Михайлов Валентин Олегович,/workers/7962112/
591,Михайлов Евгений Александрович,/workers/6928660/
592,Михеев Михаил Георгиевич,/workers/431909/
593,Мишин Алексей Юрьевич,/workers/8439720/
594,Могилевский Илья Ефимович,/workers/570680/
595,Можаев Владимир Геннадиевич,/workers/431174/
596,Моисеева Татьяна Юрьевна,/workers/52404008/
597,Моисеевский Алексей Денисович,/workers/332489848/
598,Молчанов Алексей Борисович,/workers/89598377/
599,Молчанов Вячеслав Сергеевич,/workers/463510/
600,Монахов Александр Михайлович,/workers/143898141/
601,Морозов Вячеслав Борисович,/workers/377951/
602,Морозова Елизавета Константиновна,/workers/142154786/
603,Мохов Игорь Иванович,/workers/8812733/
604,Музыченко Дмитрий Анатольевич,/workers/589118/
605,Мурзина Татьяна Владимировна,/workers/384736/
606,Мурсенкова Ирина Владимировна,/workers/534553/
607,Мурышев Кирилл Евгеньевич,/workers/380374225/
608,Мусорин Александр Игоревич,/workers/8515661/
609,Мухартова Юлия Вячеславовна,/workers/527196/
610,Мушенков Андрей Викторович,/workers/1503426/
611,Мясникова Валентина Андреевна,/workers/12107532/
612,Нагорный Юрий Михайлович,/workers/8744235/
613,Наджарьян Тимур Артемович,/workers/25409523/
614,Назаренко Марина Олеговна,/workers/2582570/
615,Назаров Степан Сергеевич,/workers/142687192/
616,Назарова Елена Николаевна,/workers/536326979/
617,Назарова Юлия Викторовна,/workers/55468460/
618,Наний Олег Евгеньевич,/workers/1342139/
619,Насимова Ирина Рашитовна,/workers/455297/
620,Наумов Дмитрий Вадимович,/workers/122361638/
621,Неделько Виталий Ильич,/workers/8408607/
622,Нетесова Надежда Павловна,/workers/165128443/
623,Нефедов Николай Николаевич,/workers/556437/
624,Нечипуренко Дмитрий Юрьевич,/workers/2179019/
625,Никанорова Елена Александровна,/workers/7626535/
626,Никитенко Юрий Васильевич,/workers/360273405/
627,Никитин Андрей Геннадьевич,/workers/1474597/
628,Никитин Николай Викторович,/workers/521701/
629,Никитин Сергей Александрович,/workers/523900/
630,Никитин Сергей Юрьевич,/workers/421382/
631,Никитина Ольга Борисовна,/workers/58539013/
632,Никифорова Полина Михайловна,/workers/142090038/
633,Николадзе Георгий Мевлудиевич,/workers/2288871/
634,Николаев Алексей Владимирович,/workers/472131/
635,Николаев Дмитрий Александрович,/workers/73039757/
636,Николаев Илья Петрович,/workers/1264284/
637,Николаев Павел Николаевич,/workers/1203574/
638,Николаева Елена Петровна,/workers/472013/
639,Никонов Александр Михайлович,/workers/37196415/
640,Никулин Егор Игоревич,/workers/17026149/
641,Нифанов Александр Семенович,/workers/1093173/
642,Нищак Олеся Юрьевна,/workers/9352266/
643,Новакова Алла Андреевна,/workers/525015/
644,Новиков Владимир Борисович,/workers/34547268/
645,Новиков Илья Алексеевич,/workers/56761254/
646,Новождён Ольга Михайловна,/workers/51264790/
647,Носов Михаил Александрович,/workers/540613/
648,Носова Светлана Анатольевна,/workers/8016919/
649,Образцов Александр Николаевич,/workers/438787/
650,Образцов Владимир Федорович,/workers/27147171/
651,Обыденнов Дмитрий Викторович,/workers/45255233/
652,Овченков Евгений Анатольевич,/workers/434740/
653,Овченкова Юлия Амирановна,/workers/522122/
654,Овчинников Алексей Витальевич,/workers/8277982/
655,Овчинникова Елена Николаевна,/workers/543979/
656,Одина Наталья Ивановна,/workers/1505026/
657,Одинцов Анатолий Иванович,/workers/1539957/
658,Одинцов Владимир Иванович,/workers/1341775/
659,Ожередов Илья Александрович,/workers/466903/
660,Олеванов Михаил Александрович,/workers/8396709/
661,Оленин Андрей Николаевич,/workers/826334/
662,Ольшевский Александр Григорьевич,/workers/8580689/
663,Орехов Антон Сергеевич,/workers/80733526/
664,Орешкин Андрей Иванович,/workers/566730/
665,Орешко Алексей Павлович,/workers/557117/
666,Орликовская Нино Григорьевна,/workers/12372498/
667,Орлов Андрей Олегович,/workers/8823540/
668,Орлова Екатерина Игоревна,/workers/2592857/
669,Ормонт Михаил Александрович,/workers/2265845/
670,Ормонт Наталия Николаевна,/workers/1062095/
671,Осминкина Любовь Андреевна,/workers/520560/
672,Останина Маргарита Владимировна,/workers/5249993/
673,Охлопков Кирилл Игоревич,/workers/22296658/
674,ПРИКЛОНСКИЙ ВЛАДИМИР ИВАНОВИЧ,/workers/6903107/
675,Павликов Александр Владимирович,/workers/1323642/
676,Павлов Николай Николаевич,/workers/31227126/
677,Павлов Роман Александрович,/workers/76168185/
678,Павлов Сергей Васильевич,/workers/7312737/
679,Павлова Елена Григорьевна,/workers/1356535/
680,Павлова Ольга Сергеевна,/workers/10721731/
681,Павловский Олег Владимирович,/workers/2054305/
682,Падохин Артем Михайлович,/workers/483722/
683,Панин Александр Анатольевич,/workers/527145/
684,Панкратов Николай Юрьевич,/workers/523901/
685,Панов Владимир Иванович,/workers/384662/
686,Панов Николай Андреевич,/workers/387487/
687,Пантелеев Михаил Александрович,/workers/1478105/
688,Панфилов Сергей Иванович,/workers/537021517/
689,Панченко Владислав Яковлевич,/workers/1110326/
690,Панчишин Андрей Иванович,/workers/7689714/
691,Панчишин Иван Михайлович,/workers/7690931/
692,Панькова Элана Валерьевна,/workers/383914129/
693,Паращук Дмитрий Юрьевич,/workers/421796/
694,Паращук Ольга Дмитриевна,/workers/7994110/
695,Парфенов Константин Владимирович,/workers/8571231/
696,Паршинцев Александр Александрович,/workers/1685853/
697,Пацаева Светлана Викторовна,/workers/420560/
698,Певная Ольга Сергеевна,/workers/2526729/
699,Перепёлкин Евгений Евгеньевич,/workers/3008047/
700,Перов Николай Сергеевич,/workers/414591/
701,Перова Лада Викторовна,/workers/3667903/
702,Перова Наталья Николаевна,/workers/130382606/
703,Петникова Вера Михайловна,/workers/398434/
704,Петров Александр Кириллович,/workers/2352050/
705,Петров Петр Евгеньевич,/workers/177548783/
706,Петрова Галина Петровна,/workers/484355/
707,Петрова Татьяна Андреевна,/workers/11241148/
708,Петровская Галина Александровна,/workers/513368153/
709,Петроченко Людмила Николаевна,/workers/8486020/
710,Петрухина Татьяна Алексеевна,/workers/38259093/
711,Петухов Андрей Андреевич,/workers/7028256/
712,Пигалёва Марина Алексеевна,/workers/17196854/
713,Пименов Александр Борисович,/workers/2717316/
714,Пирогов Юрий Андреевич,/workers/426232/
715,Плаксина Юлия Юрьевна,/workers/542675/
716,Пластинин Иван Владимирович,/workers/7130950/
717,Платонов Сергей Юрьевич,/workers/1317266/
718,Платонова Ирина Вячеславовна,/workers/2658465/
719,Плотников Геннадий Семенович,/workers/7868495/
720,Плотникова Анна  Вячеславовна,/workers/35611097/
721,Плохотников Константин Эдуардович,/workers/8394534/
722,Погожев Владимир Александрович,/workers/2288771/
723,Подгрудков Дмитрий Аркадьевич,/workers/350224240/
724,Подымова Наталья Борисовна,/workers/1250867/
725,Поздняков Андрей Петрович,/workers/225342797/
726,Показеев Константин Васильевич,/workers/219263/
727,Полевой Петр Валерьевич,/workers/8619734/
728,Полежаева Елена Вячеславовна,/workers/38007101/
729,Поликарпова Наталия Вячеславовна,/workers/499201/
730,Поляков Олег Петрович,/workers/2293787/
731,Поляков Петр Александрович,/workers/1203920/
732,Полякова Ирина Юрьевна,/workers/8537973/
733,Помозов Александр Романович,/workers/78581321/
734,Помозова Ксения Александровна,/workers/86220845/
735,Пономарев Юрий Владимирович,/workers/393410/
736,Пономарёв Николай Андреевич,/workers/99115874/
737,Попкова Анна Андреевна,/workers/25923519/
738,Попов Александр Михайлович,/workers/394375/
739,Попов Виктор Юрьевич,/workers/520502/
740,Попов Владимир Викторович,/workers/1292794/
741,Попов Сергей Борисович,/workers/277220/
742,Попов Юрий Федорович,/workers/405847/
743,Пополитова Дарья Владленовна,/workers/37893471/
744,Поправко Елена Сергеевна,/workers/536585367/
745,Порохов Николай Владимирович,/workers/616066/
746,Постнов Константин Александрович,/workers/383511/
747,Потанин Сергей Александрович,/workers/1244408/
748,Потанина Мария Георгиевна,/workers/477550/
749,Потапенков Кирилл Васильевич,/workers/9433048/
750,Потапов Александр Александрович,/workers/1283331/
751,Потемкин Игорь Иванович,/workers/439281/
752,Потёмкин Фёдор Викторович,/workers/387194/
753,Преснов Денис Евгеньевич,/workers/535801/
754,Приезжев Александр Васильевич,/workers/483629/
755,Приходько Лидия Ивановна,/workers/2665530/
756,Пронин Петр Иванович,/workers/8047592/
757,Прохоров Михаил Евгеньевич,/workers/994133/
758,Прохорова Ирина Георгиевна,/workers/8676094/
759,Прудковский Павел Андреевич,/workers/2232807/
760,Прудников Валерий Николаевич,/workers/414563/
761,Прудников Илья Рудольфович,/workers/8129795/
762,Прудникова Мария Валерьевна,/workers/8737682/
763,Прядун Владимир Васильевич,/workers/7962417/
764,Пушкин Андрей Владимирович,/workers/17881827/
765,Пуштаев Алексей Владимирович,/workers/25409799/
766,Пытьев Юрий Петрович,/workers/465868/
767,Пятаков Александр Павлович,/workers/405848/
768,Расторгуев Алексей Сергеевич,/workers/1485154/
769,Раттэль Михаил Иванович,/workers/11952168/
770,Рау Эдуард Иванович,/workers/1078706/
771,Рафу Татьяна Владимировна,/workers/38257715/
772,Рахимов Александр Турсунович,/workers/438851/
773,Ремизов Павел Дмитриевич,/workers/79116978/
774,Ржанов Алексей Георгиевич,/workers/833008/
775,Ржевский Александр Владимирович,/workers/8495306/
776,Ржевский Владимир Васильевич,/workers/444238/
777,Рогаля Виктор Анатольевич,/workers/171189978/
778,Родович Андрей Александрович,/workers/189649593/
779,Рожков Валерий Александрович,/workers/38263134/
780,Розанов Владимир Викторович,/workers/1092981/
781,Ромодина (Скрябина) Мария Николаевна,/workers/10633799/
782,Росницкий Павел Борисович,/workers/8740336/
783,Ростовцев Андрей Владимирович,/workers/55629297/
784,Рубекина Анна Александровна,/workers/140624988/
785,Рубцов Алексей Николаевич,/workers/277225/
786,Руденко Андрей Андреевич,/workers/261137428/
787,Руденко Константин Валентинович,/workers/392704/
788,Руденко Олег Владимирович,/workers/513086/
789,Рудов Андрей Андреевич,/workers/3518256/
790,Рудяк Владимир Юрьевич,/workers/2652937/
791,Ружицкий Всеволод Игоревич,/workers/8852408/
792,Румянцева Ольга Дмитриевна,/workers/557938/
793,Русаков Вячеслав Серафимович,/workers/521366/
794,Русакова Наталья Енчуновна,/workers/2403224/
795,Рууге Энно Куставич,/workers/1414431/
796,Рыженкова Серафима Юрьевна,/workers/171191692/
797,Рыжиков Сергей Борисович,/workers/1472745/
798,Рыжикова Юлия Владимировна,/workers/1465077/
799,Саввин Владимир Леонидович,/workers/2523100/
800,Савельев-Трофимов Андрей Борисович,/workers/386630/
801,Савинов Владимир Павлович,/workers/8566333/
802,Саврин Виктор Иванович,/workers/377142/
803,Савченко Александр Максимович,/workers/548803/
804,Савченко Наталья Федоровна,/workers/7922223/
805,Садовников Борис Иосифович,/workers/548911/
806,Садовникова Марианна Борисовна,/workers/8776010/
807,Сажин Михаил Васильевич,/workers/486156/
808,Сажина Ольга Сергеевна,/workers/383035/
809,Сазонов Сергей Владимирович,/workers/1678717/
810,Сайгин Михаил Юрьевич,/workers/414585/
811,Салецкий Александр Михайлович,/workers/422123/
812,Самойленко Сергей Русланович,/workers/159970672/
813,Самойлов Владимир Николаевич,/workers/566497/
814,Сапков Иван Владимирович,/workers/7492261/
815,Сапожников Олег Анатольевич,/workers/405122/
816,Сараева Ирина Макаровна,/workers/8573611/
817,Саушкин Николай Юрьевич,/workers/10683630/
818,Сафонова Мария Александровна,/workers/9658313/
819,Сафроненков Даниил Алексеевич,/workers/77138353/
820,Сафронов Кирилл Романович,/workers/56603037/
821,Свертилов Сергей Игоревич,/workers/1308611/
822,Свешников Константин Алексеевич,/workers/2172165/
823,Свирин Денис Юрьевич,/workers/383914136/
824,Свяховский Сергей Евгеньевич,/workers/1073049/
825,Селиверстов Алексей Валентинович,/workers/7600067/
826,Семенов Михаил Владимирович,/workers/458537/
827,Семутникова Евгения Геннадьевна,/workers/14831051/
828,Сенина Вера Алексеевна,/workers/384818/
829,Сергеев Александр Сергеевич,/workers/838332/
830,Сергеева Ирина Александровна,/workers/484354/
831,Сердобольская Мария Львовна,/workers/1928141/
832,Серебрянников Евгений Евгеньевич,/workers/2408904/
833,Сидоров-Бирюков Дмитрий Александрович,/workers/1072399/
834,Сидорова Алла Эдуардовна,/workers/2686463/
835,Сизов Анатолий Дмитриевич,/workers/56759139/
836,Силаев Петр Константинович,/workers/2228378/
837,Сильченко Ольга Касьяновна,/workers/423564/
838,Симоненко Екатерина Юрьевна,/workers/5441050/
839,Синченко Александр Андреевич,/workers/82156804/
840,Синько Антон Сергеевич,/workers/44803837/
841,Сиротин Максим Александрович,/workers/157468979/
842,Скипетров Евгений Павлович,/workers/468976/
843,Скипетрова Людмила Алексеевна,/workers/551542/
844,Скрябин Николай Николаевич,/workers/157974222/
845,Славнов Дмитрий Алексеевич,/workers/1782595/
846,Случинская Ирина Александровна,/workers/929971/
847,Смаржевская Александра Ивановна,/workers/523903/
848,Смелова Екатерина Михайловна,/workers/422122/
849,Смирнов Александр Михайлович,/workers/1170630/
850,Смирнов Алексей Сергеевич,/workers/46009715/
851,Смирнов Владимир Борисович,/workers/552793/
852,Смирнов Николай Эдуардович,/workers/8527247/
853,Смирнова Лидия  Николаевна,/workers/434905/
854,Снегирев Вячеслав Владимирович,/workers/1861351/
855,Снигирев Вячеслав Сергеевич,/workers/96203407/
856,Снигирев Олег Васильевич,/workers/555431/
857,Соболева Ирина Владимировна,/workers/414188/
858,Соколов Александр Иванович,/workers/38756673/
859,Соколов Владимир Андреевич,/workers/1892182/
860,Соколов Дмитрий Дмитриевич,/workers/387276/
861,Соколовская Ольга Игоревна,/workers/60985201/
862,Соколовская Юлия Глебовна,/workers/25688412/
863,Солдатов Евгений Сергеевич,/workers/561943/
864,Соловьев Антон Васильевич,/workers/529832/
865,Солодов Евгений Викторович,/workers/10297547/
866,Сорников Яков Александрович,/workers/7760703/
867,Сорокин Борис Сергеевич,/workers/25409919/
868,Сосорев Андрей Юрьевич,/workers/7393886/
869,Сотников Ярослав Алексеевич,/workers/60525749/
870,Спирин Павел Алексеевич,/workers/1623484/
871,Станкевич Константин Леонидович,/workers/138362768/
872,Стародубцев Сергей Геннадьевич,/workers/462279/
873,Старокуров Юрий Владимирович,/workers/500148/
874,Степанов Александр Викторович,/workers/835716/
875,Степанов Михаил Евгеньевич,/workers/399056/
876,Степаньянц Константин Викторович,/workers/1174444/
877,Стратан Михаил Игоревич,/workers/11791814/
878,Страупе Станислав Сергеевич,/workers/413038/
879,Стрелецкий Олег Андреевич,/workers/8547580/
880,Стремоухов Сергей Юрьевич,/workers/412211/
881,Строкова Юлия Александровна,/workers/25594973/
882,Строковский Евгений Афанасьевич,/workers/26877806/
883,Стручалин Глеб Игоревич,/workers/11491098/
884,Стрыгин Сергей Евгеньевич,/workers/432043/
885,Студеникин Александр Иванович,/workers/995538/
886,Студеникин Феликс Рикардович,/workers/18556116/
887,Судакова Марина Владимировна,/workers/431910/
888,Сурдин Владимир Георгиевич,/workers/1841339/
889,Суриков Виктор Васильевич,/workers/1973438/
890,Сурконт Олег Стефанович,/workers/8550900/
891,Сухарева Наталия Александровна,/workers/215897/
892,Сыромятников Алексей Геральдович,/workers/10139575/
893,Сырьев Николай Егорович,/workers/3429248/
894,Сысоев Николай Николаевич,/workers/536339/
895,Сысоев Павел Николаевич,/workers/15053523/
896,Тарабукина Валентина Владимировна,/workers/536911961/
897,Татаринцев Андрей Андреевич,/workers/19410072/
898,Татарников Андрей Михайлович,/workers/383508/
899,Твердислов Всеволод Александрович,/workers/1662476/
900,Тверской Василий Борисович,/workers/2565006/
901,Терентьев Евгений Николаевич,/workers/1362460/
902,Терентьев Михаил Анатольевич,/workers/2584907/
903,Теретёнков Александр Евгеньевич,/workers/36786006/
904,Терешин Никита Алексеевич,/workers/11107142/
905,Теряев Олег Валерианович,/workers/3811605/
906,Терёшина Ирина Семёновна,/workers/2361298/
907,Тимофеевская Ольга Дмитриевна,/workers/8582225/
908,Тимохин Максим Юрьевич,/workers/4615668/
909,Тимошенко Виктор Юрьевич,/workers/384663/
910,Тиходеев Сергей Григорьевич,/workers/8127627/
911,Тихонов Александр Николаевич,/workers/543246/
912,Тихонов Николай Андреевич,/workers/2181173/
913,Тихонова Ольга Владимировна,/workers/396283/
914,Тихонова Татьяна Николаевна,/workers/1293192/
915,Тишин Александр Метталинович,/workers/8404314/
916,Токмачев Михаил Геннадьевич,/workers/537041/
917,Толоконников Андрей Владимирович,/workers/8560849/
918,Третьякова Татьяна Юрьевна,/workers/1172656/
919,Трибельский Михаил Исаакович,/workers/474293/
920,Трифонов Артем Сергеевич,/workers/410532/
921,Троицкий Сергей Вадимович,/workers/517583523/
922,Трубачев Олег Олегович,/workers/1092859/
923,Трубицин Борис Вячеславович,/workers/2246412/
924,Трубников Григорий Владимирович,/workers/26014840/
925,Труханов Василий Андреевич,/workers/7515914/
926,Труханова Мария Ивановна,/workers/6236047/
927,Туманова Юлия Сергеевна,/workers/495218/
928,Тункин Владимир Григорьевич,/workers/4785608/
929,Туркин Андрей Николаевич,/workers/1362526/
930,Тябликов Владимир Сергеевич,/workers/82068256/
931,Уваров Александр Викторович,/workers/213201/
932,Узиков Юрий Николаевич,/workers/1408644/
933,Урюпина Дарья Сергеевна,/workers/394495/
934,Усманов Н.Н.,/workers/7597128/
935,Устинов Константин Андреевич,/workers/401112721/
936,Фадеев Виктор Владимирович,/workers/551347/
937,Фадеев Егор Павлович,/workers/142156018/
938,Фадеев Максим Сергеевич,/workers/27632701/
939,Фаломкина Олеся Владимировна,/workers/2310079/
940,Федорова Ксения Вячеславовна,/workers/850542/
941,Федосеев Анатолий Иванович,/workers/1604786/
942,Федотов Андрей Борисович,/workers/509947/
943,Федотов Илья Валерьевич,/workers/2409373/
944,Федотова Екатерина Павловна,/workers/263115846/
945,Федянин Андрей Анатольевич,/workers/238541/
946,Филимонов Николай Борисович,/workers/2771948/
947,Филимонова Евгения Сергеевна,/workers/74944819/
948,Филиппова Ольга Евгеньевна,/workers/455337/
949,Форш Павел Анатольевич,/workers/584907/
950,Фролов Александр Юрьевич,/workers/10700901/
951,Фролова Светлана Игоревна,/workers/535276632/
952,Фроловцев Дмитрий Николаевич,/workers/10694653/
953,Хайдаров Абдусаме Абосович,/workers/8515826/
954,Харабадзе Давид Эдгарович,/workers/2269386/
955,Харитонова Елена Петровна,/workers/1119236/
956,Харламова Анна Михайловна,/workers/2034315/
957,Харчева Анастасия Витальевна,/workers/7689569/
958,Хвостов Валерий Владимирович,/workers/7942319/
959,Хлебников Федор Борисович,/workers/8582150/
960,Хомутов Геннадий Борисович,/workers/561949/
961,Хоркин Владимир Сергеевич,/workers/33187636/
962,Хохлов Алексей Ремович,/workers/499389/
963,Хохлов Дмитрий Ремович,/workers/514150/
964,Хохлова Вера Александровна,/workers/524110/
965,Хохлова Мария Дмитриевна,/workers/11834662/
966,Хунджуа Андрей Георгиевич,/workers/3094761/
967,Хунджуа Дарья Александровна,/workers/421433/
968,Целебровский Алексей Николаевич,/workers/5123753/
969,Циняйкин Илья Иванович,/workers/132334141/
970,Цурикова Ульяна Александровна,/workers/9380139/
971,Цыганов Михаил Вадимович,/workers/308421463/
972,Цымбалов Иван Николаевич,/workers/7072221/
973,Цысарь Ксения Михайловна,/workers/508256/
974,Цысарь Сергей Алексеевич,/workers/513495/
975,Чежегов Александр Андреевич,/workers/25396069/
976,Черепащук Анатолий Михайлович,/workers/387919/
977,Черепенин Владимир Алексеевич,/workers/14812036/
978,Черкасова Виктория Владимировна,/workers/537078504/
979,Черников Владимир Антонович,/workers/8452320/
980,Черничкин Владимир Игоревич,/workers/4791811/
981,Черныш Владимир Савельевич,/workers/6748382/
982,Чернявский Андрей Юрьевич,/workers/2496655/
983,Черняев Александр Петрович,/workers/394790/
984,Чертович Александр Викторович,/workers/276987/
985,Чесноков Сергей Сергеевич,/workers/421385/
986,Четвертухин Артем Вячеславович,/workers/412608/
987,Чехова Мария Владимировна,/workers/1198873/
988,Чеченин Николай Гаврилович,/workers/1336415/
989,Чижов Артем Сергеевич,/workers/3711990/
990,Чикишев Андрей Юрьевич,/workers/590885/
991,Чиркин Анатолий Степанович,/workers/618681/
992,Чистякова Наталия Игоревна,/workers/827758/
993,Чичигина Ольга Александровна,/workers/494392/
994,Чугреев Юрий Викторович,/workers/2225727/
995,Чукичев Михаил Васильевич,/workers/1090819/
996,Чуличков Алексей Иванович,/workers/1849576/
997,Чухнова Александра Владимировна,/workers/55646663/
998,Шакиров Сабир Муратович,/workers/19786386/
999,Шалыгин Александр Николаевич,/workers/1911110/
1000,Шалыгина Ольга Александровна,/workers/2263270/
1001,Шалыгина (Чепурова) Елена Евгеньевна,/workers/1050688/
1002,Шамаев Владимир Григорьевич,/workers/1295083/
1003,Шанин Андрей Владимирович,/workers/717926/
1004,Шапаева Татьяна Борисовна,/workers/1905964/
1005,Шапкина Наталья Евгеньевна,/workers/1273546/
1006,Шарипова Маргарита Ильгизовна,/workers/1101564/
1007,Шаров Александр Николаевич,/workers/8061242/
1008,Шафирин Павел Андреевич,/workers/106426212/
1009,Швецов  Сергей Александрович,/workers/60986699/
1010,Швилкин Борис Николаевич,/workers/1782275/
1011,Шевцов Владислав Сергеевич,/workers/95869969/
1012,Шендрикова Лидия Андреевна,/workers/521074116/
1013,Шибаев Андрей Владимирович,/workers/275217/
1014,Шибков Валерий Михайлович,/workers/8447132/
1015,Шилкин Даниил Александрович,/workers/12338965/
1016,Шипилин Анатолий Михайлович,/workers/11979118/
1017,Ширгина Наталья Витальевна,/workers/1790734/
1018,Ширмин Геннадий Иванович,/workers/3157974/
1019,Широков Евгений Вадимович,/workers/1746272/
1020,Широков Илья Евгеньевич,/workers/120835477/
1021,Ширшин Евгений Александрович,/workers/1074742/
1022,Ширшов Ярослав Николаевич,/workers/546334/
1023,Шишаков Виталий Владимирович,/workers/8736039/
1024,Шишкин Александр Александрович,/workers/2420231/
1025,Шишханова Камилла Бисолтовна,/workers/140494184/
1026,Шкуринов Александр Павлович,/workers/393559/
1027,Шленов Святослав Александрович,/workers/387795/
1028,Шляхова Ольга Дмитриевна,/workers/53558377/
1029,Шмальгаузен Виктор Иванович,/workers/1265125/
1030,Шнайдштейн Илья Владимирович,/workers/447966/
1031,Шорохов Александр Сергеевич,/workers/10363540/
1032,Шорохов Владислав Владимирович,/workers/565027/
1033,Шпиньков Игорь Николаевич,/workers/537138055/
1034,Штеменко Людмила Сергеевна,/workers/1363864/
1035,Шугаев Федор Васильевич,/workers/1269285/
1036,Шулейко Дмитрий Валерьевич,/workers/11563091/
1037,Шуленина Александра Владимировна,/workers/2622284/
1038,Шуляпов Сергей Анатольевич,/workers/7885953/
1039,Шуруп Андрей Сергеевич,/workers/558123/
1040,Шутова Ольга Анатольевна,/workers/845461/
1041,Шчепанович Данило,/workers/322002363/
1042,Щелкунов Никита Михайлович,/workers/27101663/
1043,Щепетилов Алексей Валериевич,/workers/1306459/
1044,Щербаков Алексей Александрович,/workers/201975747/
1045,Щербаков Максим Радикович,/workers/412549/
1046,Юлдашев Петр Викторович,/workers/545987/
1047,Юнович Александр Эммануилович,/workers/584659/
1048,Юреня Антон Юрьевич,/workers/39330614/
1049,Юшков Владислав Пролетарьевич,/workers/449687/
1050,Юшков Егор Владиславович,/workers/450192/
1051,Яблонская Камилла Алексеевна,/workers/8769282/
1052,Ягола Анатолий Григорьевич,/workers/520457/
1053,Ягудин Дамир Фаритович,/workers/98899250/
1054,Якимов Борис Павлович,/workers/18555593/
1055,Яковенко Леонид Владимирович,/workers/2261709/
1056,Яковенко Сергей Александрович,/workers/8723912/
1057,Яковлев Дмитрий Владимирович,/workers/377962/
1058,Яковлева Галина Анатольевна,/workers/352275089/
1059,Якунин Валерий Георгиевич,/workers/8449630/
1060,Якута Алексей Александрович,/workers/454671/
1061,Якута Екатерина Валерьевна,/workers/8109217/
1062,Яминский Игорь Владимирович,/workers/839749/
1063,Янышев Денис Николаевич,/workers/581075/
1064,Ярков Михаил Владимирович,/workers/163406293/
1065,Ярославцев Сергей Андреевич,/workers/30358269/
1066,мамсуров игорь владиславович,/workers/2970777/
1067,матвеева татьяна викторовна,/workers/8825481/
1068,молотков сергей николаевич,/workers/1198937/
1069,чувилин Дмитрий Юрьевич,/workers/11480123/
1070,шелохова елена борисовна,/workers/83843110/
