,name,link
0,Авакянц Лев Павлович,/pmes.php?id=206
1,Акимов Михаил Львович,/pmes.php?id=640
2,Алешкевич Виктор Александрович,/pmes.php?id=207
3,Ананьева Нина Геннадьевна,/pmes.php?id=208
4,Андреев Павел Александрович,/pmes.php?id=562
5,Анохина Анна Михайловна,/pmes.php?id=500
6,Балакший Владимир Иванович,/pmes.php?id=648
7,Балахнина Ирина Александровна,/pmes.php?id=705
8,Баранов Анатолий Николаевич,/pmes.php?id=476
9,Белокопытов Геннадий Васильевич,/pmes.php?id=463
10,Белышев Сергей Сергеевич,/pmes.php?id=736
11,Биленко Игорь Антонович,/pmes.php?id=786
12,Богданова Мария Андреевна,/pmes.php?id=783
13,Боков Павел Юрьевич,/pmes.php?id=531
14,Больных Иван Константинович,/pmes.php?id=213
15,Брусницын Андрей Алексеевич ,/pmes.php?id=732
16,Булкин Петр Сергеевич,/pmes.php?id=210
17,Буравцова Виктория Евгеньевна,/pmes.php?id=629
18,Буренков Иван Александрович,/pmes.php?id=588
19,Буханов Владимир Михайлович,/pmes.php?id=211
20,Бушина Татьяна Андреевна,/pmes.php?id=212
21,Быков Александр Васильевич,/pmes.php?id=209
22,Бычков Максим Евгеньевич ,/pmes.php?id=697
23,Васенко Сергей Алексеевич,/pmes.php?id=214
24,Василенко Олег Иванович,/pmes.php?id=513
25,Васильев Юрий Владимирович,/pmes.php?id=215
26,Васильева Ольга Николаевна,/pmes.php?id=216
27,Вишнякова Екатерина Анатольевна,/pmes.php?id=217
28,Власов Александр Анатольевич,/pmes.php?id=218
29,Власова Ирина Михайловна,/pmes.php?id=518
30,Воронина Елена Викторовна,/pmes.php?id=403
31,Воронина Юлия Сергеевна,/pmes.php?id=479
32,Вшивцева Полина Александровна,/pmes.php?id=566
33,Вятчанин Сергей Петрович,/pmes.php?id=507
34,Галлямова Ольга Валерьевна,/pmes.php?id=673
35,Герасименко Татьяна Николаевна,/pmes.php?id=630
36,Голиков Дмитрий Сергеевич,/pmes.php?id=535
37,Голубенко Анна Александровна,/pmes.php?id=763
38,Голубенко Анна Александровна,/pmes.php?id=764
39,Грац Юрий Владимирович,/pmes.php?id=464
40,Грачев Александр Васильевич,/pmes.php?id=219
41,Грибов Виталий Аркадьевич,/pmes.php?id=220
42,Григорьев Владимир Иванович,/pmes.php?id=221
43,Гридчин Владимир Владимирович,/pmes.php?id=375
44,Гришин Владислав Константинович,/pmes.php?id=222
45,Грязнов Андрей Юрьевич,/pmes.php?id=223
46,Губайдулина Татьяна Валиевна,/pmes.php?id=623
47,Гуляев Алексей Владимирович,/pmes.php?id=545
48,Гущин Владимир Сергеевич,/pmes.php?id=224
49,Деденко Леонид Григорьевич,/pmes.php?id=225
50,Денисов Виктор Иванович,/pmes.php?id=226
51,Дергачев Максим Алексеевич,/pmes.php?id=702
52,Докукин Сергей Александрович,/pmes.php?id=748
53,Долинов Владислав Константинович,/pmes.php?id=227
54,Домнина Наталья Анатольевна,/pmes.php?id=440
55,Дронов Михаил Александрович,/pmes.php?id=769
56,Дурасова Юлия Александровна,/pmes.php?id=229
57,Дядичев Владимир Владимирович,/pmes.php?id=468
58,Ерёменко Дмитрий Олегович,/pmes.php?id=610
59,Жаров Владимир Евгеньевич,/pmes.php?id=230
60,Жданова Надежда Григорьевна,/pmes.php?id=682
61,Жукарев Анатолий Сергеевич,/pmes.php?id=421
62,Жуковский Владимир Тщеславович,/pmes.php?id=779
63,Захарцов Виктор Михайлович,/pmes.php?id=231
64,Зырянов Сергей Михайлович,/pmes.php?id=621
65,Иваненко Илья Петрович,/pmes.php?id=703
66,Иванов Владимир Юрьевич,/pmes.php?id=365
67,Иванов Сергей Александрович,/pmes.php?id=232
68,Иванцов Андрей Анатольевич,/pmes.php?id=233
69,Ильичева Елена Николаевна,/pmes.php?id=234
70,Ишханов Борис Саркисович,/pmes.php?id=462
71,Казанцев Александр Евгеньевич,/pmes.php?id=744
72,Капитонов Игорь Михайлович,/pmes.php?id=235
73,Караваев Владимир Александрович,/pmes.php?id=236
74,Карговский Алексей Владимирович,/pmes.php?id=712
75,Квасников Иридий Александрович,/pmes.php?id=557
76,Кекелидзе Дмитрий,/pmes.php?id=412
77,Кечкин Олег Вячеславович,/pmes.php?id=686
78,Киров Сергей Александрович,/pmes.php?id=237
79,Киселев Дмитрий Федорович,/pmes.php?id=496
80,Клавсюк Андрей Леонидович,/pmes.php?id=543
81,Кленов Николай Викторович,/pmes.php?id=450
82,Коваль Геннадий Васильевич,/pmes.php?id=238
83,Ковальчук Алексей,/pmes.php?id=582
84,Козлов Антон Владимирович,/pmes.php?id=553
85,Козлов Владимир Иванович,/pmes.php?id=395
86,Кокшаров Юрий Алексеевич,/pmes.php?id=240
87,Колесников Николай Николаевич,/pmes.php?id=448
88,Колесников Сергей Владимирович,/pmes.php?id=603
89,Колмычек Ирина Алексеевна,/pmes.php?id=674
90,Колотов Олег Сергеевич,/pmes.php?id=241
91,Комарова Марина Александровна,/pmes.php?id=684
92,Корчажкин Владимир Васильевич,/pmes.php?id=242
93,Косарева Ольга Григорьевна,/pmes.php?id=735
94,Косых Татьяна Борисовна,/pmes.php?id=243
95,Кравчун Павел Николаевич,/pmes.php?id=596
96,Красильников Сергей Сергеевич,/pmes.php?id=370
97,Красильникова Нина Акимовна,/pmes.php?id=244
98,Красюк Татьяна Витальевна,/pmes.php?id=245
99,Кротов Сергей Сергеевич,/pmes.php?id=246
100,Крылова Елена Анатольевна,/pmes.php?id=247
101,Кузнецов Александр Александрович,/pmes.php?id=651
102,Кузьменков Леонид Стефанович,/pmes.php?id=248
103,Кулешова Анна Александровна ,/pmes.php?id=773
104,Курицына Елена Федоровна,/pmes.php?id=249
105,Кэбин Эдуард Иоханнесович,/pmes.php?id=250
106,Ланской Дмитрий Евгеньевич,/pmes.php?id=727
107,Левыкина Ирина Павловна,/pmes.php?id=597
108,Леднева Тамара Михайловна,/pmes.php?id=251
109,Летова Татьяна Николаевна,/pmes.php?id=252
110,Логгинов Александр Сергеевич,/pmes.php?id=253
111,Лоскутов Александр Юрьевич,/pmes.php?id=452
112,Лоскутов Юрий Михайлович,/pmes.php?id=391
113,Лукашева Екатерина Викентьевна,/pmes.php?id=254
114,Лукьянова Елена Николаевна,/pmes.php?id=478
115,Лысов Борис Александрович,/pmes.php?id=255
116,Магницкий Сергей Александрович,/pmes.php?id=723
117,Маков Юрий Николаевич,/pmes.php?id=586
118,Мамсуров Игорь Владиславович,/pmes.php?id=482
119,Манцызов Борис Иванович,/pmes.php?id=256
120,Манькова Анна Александровна,/pmes.php?id=704
121,Матюнин Андрей Валерьевич,/pmes.php?id=762
122,Медведев Владлен Иосифович,/pmes.php?id=258
123,Мельникова Ольга Николаевна,/pmes.php?id=584
124,Миронова Галина Александровна,/pmes.php?id=260
125,Митин Игорь Владимирович,/pmes.php?id=261
126,Митрофанов Валерий Павлович,/pmes.php?id=352
127,Никанорова Елена Александровна,/pmes.php?id=461
128,Никитин Владимир Валерьевич,/pmes.php?id=701
129,Николаев Владимир Иванович,/pmes.php?id=262
130,Николаев Павел Николаевич,/pmes.php?id=525
131,Никольский Валентин Сергеевич,/pmes.php?id=263
132,Нифанов Александр Семёнович,/pmes.php?id=264
133,Носова Светлана Анатольевна,/pmes.php?id=265
134,Олеванов Михаил Александрович,/pmes.php?id=266
135,Останина Маргарита Владимировна,/pmes.php?id=643
136,Павлова Ольга Серафимовна,/pmes.php?id=267
137,Панчишин Иван Михайлович,/pmes.php?id=268
138,Парфенов Константин Владимирович,/pmes.php?id=269
139,Пацаева Светлана Викторовна,/pmes.php?id=270
140,Пименов Александр Борисович,/pmes.php?id=460
141,Погожев Владимир Александрович,/pmes.php?id=499
142,Показеев Константин Васильевич,/pmes.php?id=456
143,Полевой Петр Валерьевич,/pmes.php?id=271
144,Поликарпова Наталия Вячеславовна,/pmes.php?id=700
145,Поляков Олег Петрович,/pmes.php?id=472
146,Поляков Петр Александрович,/pmes.php?id=272
147,Полякова (Иванова) Инна Борисовна,/pmes.php?id=376
148,Попов Александр Михайлович,/pmes.php?id=273
149,Потёмкин Фёдор Викторович,/pmes.php?id=787
150,Пронин Пётр Иванович,/pmes.php?id=358
151,Пуздырев Ярослав Валерьевич,/pmes.php?id=373
152,Ржанов Алексей Георгиевич,/pmes.php?id=274
153,Ржевкин Кирилл Сергеевич,/pmes.php?id=275
154,Ростовский Владимир Сергеевич,/pmes.php?id=276
155,Рубан Анна Андреевна,/pmes.php?id=277
156,Русаков Вячеслав Серафимович,/pmes.php?id=278
157,Русакова Наталья Енчуновна ,/pmes.php?id=694
158,Рыжиков Борис Дмитриевич,/pmes.php?id=279
159,Рыжиков Сергей Борисович,/pmes.php?id=280
160,Савельев-Трофимов Андрей Борисович,/pmes.php?id=580
161,Савченко Александр Максимович,/pmes.php?id=427
162,Самойлов Владимир Николаевич,/pmes.php?id=282
163,Сараева Ирина Макаровна,/pmes.php?id=283
164,Свертилов Сергей Игоревич,/pmes.php?id=411
165,Свешников Константин Алексеевич,/pmes.php?id=284
166,Свяховский Сергей Евгеньевич ,/pmes.php?id=722
167,Селиверстов Алексей Валентинович,/pmes.php?id=285
168,Семенов Михаил Владимирович,/pmes.php?id=772
169,Сергеев Александр Сергеевич,/pmes.php?id=749
170,Силаев Петр Константинович,/pmes.php?id=286
171,Слепков Александр Иванович,/pmes.php?id=288
172,Смелова Екатерина Михайловна,/pmes.php?id=641
173,Смирнов Николай Эдуардович,/pmes.php?id=484
174,Смирнова Лидия Николаевна,/pmes.php?id=688
175,Соколов Владимир Андреевич,/pmes.php?id=523
176,Соловьев Антон Васильевич,/pmes.php?id=289
177,Спирин Павел Алексеевич,/pmes.php?id=734
178,Старокуров Юрий Владимирович ,/pmes.php?id=738
179,Старшинов Никита Сергеевич,/pmes.php?id=657
180,Степанова Валерия Сергевна,/pmes.php?id=290
181,Степанянц Константин Викторович,/pmes.php?id=291
182,Стопани Константин Александрович,/pmes.php?id=691
183,Стрыгин Сергей Евгеньевич ,/pmes.php?id=669
184,Сыромятников Алексей Геральдович,/pmes.php?id=776
185,Сырьев Николай Егорович,/pmes.php?id=405
186,Тарасова Валентина Васильевна,/pmes.php?id=292
187,Тверской Василий Борисович,/pmes.php?id=293
188,Тимофеевская Ольга Дмитриевна,/pmes.php?id=294
189,Тихонова Ольга Владимировна,/pmes.php?id=295
190,Толоконников Андрей Владимирович,/pmes.php?id=568
191,Томс Константин Сергеевич,/pmes.php?id=362
192,Третьякова Татьяна Юрьевна,/pmes.php?id=573
193,Трубачев Олег Олегович,/pmes.php?id=296
194,Трубицин Борис Вячеславович,/pmes.php?id=297
195,Труханова Мария Ивановна ,/pmes.php?id=683
196,Усманов Сергей Николаевич,/pmes.php?id=366
197,Френкин Александр Романович,/pmes.php?id=299
198,Халили Фарид Явдатович,/pmes.php?id=560
199,Халилов Владислав Рустемович,/pmes.php?id=300
200,Харабадзе Давид Эдгарович,/pmes.php?id=533
201,Харин Василий Юрьевич,/pmes.php?id=619
202,Харчева Анастасия Витальевна,/pmes.php?id=765
203,Хомовский Дмитрий Игоревич,/pmes.php?id=642
204,Хрусталёв Олег Антонинович,/pmes.php?id=301
205,Цысарь Ксения Михайловна,/pmes.php?id=631
206,Цысарь Сергей Алексеевич,/pmes.php?id=768
207,Чесноков Петр Алексеевич,/pmes.php?id=652
208,Чижов Геннадий Александрович,/pmes.php?id=302
209,Чистякова Наталья Игоревна,/pmes.php?id=303
210,Чичикина Маргарита Владимировна,/pmes.php?id=339
211,Чуркин Андрей Валерьевич,/pmes.php?id=583
212,Шанин Андрей Владимирович,/pmes.php?id=508
213,Шарапова Полина Родионовна,/pmes.php?id=607
214,Шведов Олег Юрьевич,/pmes.php?id=304
215,Шипилин Анатолий Михайлович,/pmes.php?id=551
216,Широков Евгений Вадимович,/pmes.php?id=305
217,Широкова Валентина Юрьевна ,/pmes.php?id=777
218,Шорохов Владислав Владимирович,/pmes.php?id=306
219,Штыркова Антонина Павловна,/pmes.php?id=307
220,Южаков Виктор Илларионович,/pmes.php?id=308
221,Юрова Мария Владимировна,/pmes.php?id=369
222,Якута Алексей Александрович,/pmes.php?id=614
